{"cameraMode":{"drawMode":0,"name":"Shaded","section":"Shading Mode"},"sceneLighting":false,"audioPlay":false,"sceneViewState":{"showFog":true,"showMaterialUpdate":true,"showSkybox":false,"showFlares":true,"showImageEffects":true,"showParticleSystems":true,"showVisualEffectGraphs":true,"m_FxEnabled":true},"in2DMode":false,"pivot":{"x":0.4000000059604645,"y":-0.39653730392456057,"z":1.9716113805770875},"rotation":{"x":0.12450408935546875,"y":0.7764013409614563,"z":-0.15935607254505158,"w":0.5967677235603333},"size":0.7457665801048279,"orthographic":false}