{"cameraMode":{"drawMode":0,"name":"Shaded","section":"Shading Mode"},"sceneLighting":false,"audioPlay":false,"sceneViewState":{"showFog":true,"showMaterialUpdate":true,"showSkybox":false,"showFlares":true,"showImageEffects":true,"showParticleSystems":true,"showVisualEffectGraphs":true,"m_FxEnabled":true},"in2DMode":false,"pivot":{"x":238.3475799560547,"y":1069.353759765625,"z":-92.55934143066406},"rotation":{"x":0.12530572712421418,"y":-0.0011384104145690799,"z":0.0017394662136211992,"w":0.9920724034309387},"size":81.39410400390625,"orthographic":false}