{"cameraMode":{"drawMode":0,"name":"Shaded","section":"Shading Mode"},"sceneLighting":false,"audioPlay":false,"sceneViewState":{"showFog":true,"showMaterialUpdate":true,"showSkybox":false,"showFlares":true,"showImageEffects":true,"showParticleSystems":true,"showVisualEffectGraphs":true,"m_FxEnabled":true},"in2DMode":false,"pivot":{"x":0.11411961168050766,"y":0.4668906033039093,"z":6.668361663818359},"rotation":{"x":-0.11024883389472962,"y":-0.33113089203834536,"z":0.037279192358255389,"w":-0.9363028407096863},"size":0.5105962157249451,"orthographic":false}