{"cameraMode":{"drawMode":0,"name":"Shaded","section":"Shading Mode"},"sceneLighting":false,"audioPlay":false,"sceneViewState":{"showFog":true,"showMaterialUpdate":true,"showSkybox":false,"showFlares":true,"showImageEffects":true,"showParticleSystems":true,"showVisualEffectGraphs":true,"m_FxEnabled":true},"in2DMode":false,"pivot":{"x":0.44866231083869936,"y":-0.3932124078273773,"z":0.8979716300964356},"rotation":{"x":0.1587236076593399,"y":-0.5159274935722351,"z":0.09985119849443436,"w":0.8357682824134827},"size":0.44211912155151369,"orthographic":false}