{"cameraMode":{"drawMode":0,"name":"Shaded","section":"Shading Mode"},"sceneLighting":false,"audioPlay":false,"sceneViewState":{"showFog":true,"showMaterialUpdate":true,"showSkybox":false,"showFlares":true,"showImageEffects":true,"showParticleSystems":true,"showVisualEffectGraphs":true,"m_FxEnabled":true},"in2DMode":false,"pivot":{"x":0.5835000276565552,"y":-0.3316550552845001,"z":1.2519057989120484},"rotation":{"x":0.1741129457950592,"y":0.047669779509305957,"z":-0.006831600796431303,"w":0.9834900498390198},"size":0.4421190917491913,"orthographic":false}