{"cameraMode":{"drawMode":0,"name":"Shaded","section":"Shading Mode"},"sceneLighting":false,"audioPlay":false,"sceneViewState":{"showFog":true,"showMaterialUpdate":true,"showSkybox":false,"showFlares":true,"showImageEffects":true,"showParticleSystems":true},"in2DMode":false,"pivot":{"x":0.44099998474121096,"y":3.018807888031006,"z":1.1666405200958253},"rotation":{"x":-0.16386589407920838,"y":0.3814852833747864,"z":-0.06890056282281876,"w":-0.9071528911590576},"size":0.6653156876564026,"orthographic":false}