{"cameraMode":{"drawMode":0,"name":"Shaded","section":"Shading Mode"},"sceneLighting":true,"audioPlay":false,"sceneViewState":{"showFog":true,"showMaterialUpdate":true,"showSkybox":true,"showFlares":true,"showImageEffects":true,"showParticleSystems":true},"in2DMode":false,"pivot":{"x":561.2246704101563,"y":753.3133544921875,"z":-292.10906982421877},"rotation":{"x":-0.04684830084443092,"y":-0.0598185695707798,"z":-0.0012312730541452766,"w":0.9971110820770264},"size":414.8686828613281,"orthographic":false}