{"cameraMode":{"drawMode":0,"name":"Shaded","section":"Shading Mode"},"sceneLighting":false,"audioPlay":false,"sceneViewState":{"showFog":true,"showMaterialUpdate":true,"showSkybox":false,"showFlares":true,"showImageEffects":true,"showParticleSystems":true},"in2DMode":false,"pivot":{"x":-3.6849448680877687,"y":3.700000047683716,"z":-3.023017644882202},"rotation":{"x":-0.15352371335029603,"y":0.7610043883323669,"z":-0.1948881894350052,"w":-0.5994726419448853},"size":0.35355356335639956,"orthographic":false}