{"cameraMode":{"drawMode":0,"name":"Shaded","section":"Shading Mode"},"sceneLighting":true,"audioPlay":false,"sceneViewState":{"showFog":true,"showMaterialUpdate":true,"showSkybox":true,"showFlares":true,"showImageEffects":true,"showParticleSystems":true},"in2DMode":false,"pivot":{"x":-155.18031311035157,"y":-181.69912719726563,"z":-381.1410827636719},"rotation":{"x":0.03802981972694397,"y":-0.9617793560028076,"z":0.20078244805335999,"w":0.18225350975990296},"size":236.3050994873047,"orthographic":false}