{"cameraMode":{"drawMode":0,"name":"Shaded","section":"Shading Mode"},"sceneLighting":false,"audioPlay":false,"sceneViewState":{"showFog":true,"showMaterialUpdate":true,"showSkybox":false,"showFlares":true,"showImageEffects":true,"showParticleSystems":true},"in2DMode":false,"pivot":{"x":0.07324335724115372,"y":2.793294906616211,"z":1.707749843597412},"rotation":{"x":-0.00031444590422324836,"y":0.9935147762298584,"z":-0.11396200209856034,"w":-0.0027010233607143165},"size":0.9247449040412903,"orthographic":false}