{"cameraMode":{"drawMode":0,"name":"Shaded","section":"Shading Mode"},"sceneLighting":false,"audioPlay":false,"sceneViewState":{"showFog":true,"showMaterialUpdate":true,"showSkybox":false,"showFlares":true,"showImageEffects":true,"showParticleSystems":true},"in2DMode":false,"pivot":{"x":3.297900676727295,"y":1.3932814598083497,"z":-1.1980229616165162},"rotation":{"x":0.21356862783432008,"y":-0.54355388879776,"z":0.14701507985591889,"w":0.7983263731002808},"size":0.15757916867733003,"orthographic":false}