{"cameraMode":{"drawMode":0,"name":"Shaded","section":"Shading Mode"},"sceneLighting":false,"audioPlay":false,"sceneViewState":{"showFog":true,"showMaterialUpdate":true,"showSkybox":false,"showFlares":true,"showImageEffects":true,"showParticleSystems":true},"in2DMode":false,"pivot":{"x":12.883928298950196,"y":5.635915756225586,"z":-0.18447254598140717},"rotation":{"x":-0.15426287055015565,"y":0.6230183243751526,"z":-0.12706705927848817,"w":-0.7562833428382874},"size":0.9247449040412903,"orthographic":false}