{"cameraMode":{"drawMode":0,"name":"Shaded","section":"Shading Mode"},"sceneLighting":false,"audioPlay":false,"sceneViewState":{"showFog":true,"showMaterialUpdate":true,"showSkybox":false,"showFlares":true,"showImageEffects":true,"showParticleSystems":true},"in2DMode":false,"pivot":{"x":0.9836398363113403,"y":-0.11118274927139282,"z":1.466343879699707},"rotation":{"x":0.004606349393725395,"y":-0.981596827507019,"z":0.18950168788433076,"w":0.023870540782809259},"size":0.2931818962097168,"orthographic":false}